"estimate_id";"article_id";"estimator_id";"value";"study";"article_title";"variable_1";"variable_2";"estimate_type"
"68";"27";"5";"0.24";"2";"Association of multidimensional schizotypy with psychotic-like experiences, affect, and social functioning in daily life: Comparable findings across samples and schizotypy measures.";"MSS Negative";"MSS Disorganized";"Correlation"
"67";"27";"5";"0.44";"2";"Association of multidimensional schizotypy with psychotic-like experiences, affect, and social functioning in daily life: Comparable findings across samples and schizotypy measures.";"MSS Positive";"MSS Disorganized";"Correlation"
"66";"27";"5";"0.08";"2";"Association of multidimensional schizotypy with psychotic-like experiences, affect, and social functioning in daily life: Comparable findings across samples and schizotypy measures.";"MSS Positive";"MSS Negative";"Correlation"
"65";"27";"7";"1.08";"2";"Association of multidimensional schizotypy with psychotic-like experiences, affect, and social functioning in daily life: Comparable findings across samples and schizotypy measures.";"MSS Disorganized";"MSS Disorganized";"Standard Deviation"
"64";"27";"6";"0.11";"2";"Association of multidimensional schizotypy with psychotic-like experiences, affect, and social functioning in daily life: Comparable findings across samples and schizotypy measures.";"MSS Disorganized";"MSS Disorganized";"Mean"
"63";"27";"7";"0.97";"2";"Association of multidimensional schizotypy with psychotic-like experiences, affect, and social functioning in daily life: Comparable findings across samples and schizotypy measures.";"MSS Negative";"MSS Negative";"Standard Deviation"
"62";"27";"6";"-0.03";"2";"Association of multidimensional schizotypy with psychotic-like experiences, affect, and social functioning in daily life: Comparable findings across samples and schizotypy measures.";"MSS Negative";"MSS Negative";"Mean"
"61";"27";"7";"1.09";"2";"Association of multidimensional schizotypy with psychotic-like experiences, affect, and social functioning in daily life: Comparable findings across samples and schizotypy measures.";"MSS Positive";"MSS Positive";"Standard Deviation"
"60";"27";"6";"0.17";"2";"Association of multidimensional schizotypy with psychotic-like experiences, affect, and social functioning in daily life: Comparable findings across samples and schizotypy measures.";"MSS Positive";"MSS Positive";"Mean"
"59";"27";"5";"0.3";"1";"Association of multidimensional schizotypy with psychotic-like experiences, affect, and social functioning in daily life: Comparable findings across samples and schizotypy measures.";"WSS Positive";"WSS Negative";"Correlation"
"58";"27";"7";"1.02";"1";"Association of multidimensional schizotypy with psychotic-like experiences, affect, and social functioning in daily life: Comparable findings across samples and schizotypy measures.";"WSS Negative";"WSS Negative";"Standard Deviation"
"57";"27";"6";"0.48";"1";"Association of multidimensional schizotypy with psychotic-like experiences, affect, and social functioning in daily life: Comparable findings across samples and schizotypy measures.";"WSS Negative";"WSS Negative";"Mean"
"56";"27";"7";"0.85";"1";"Association of multidimensional schizotypy with psychotic-like experiences, affect, and social functioning in daily life: Comparable findings across samples and schizotypy measures.";"WSS Positive";"WSS Positive";"Standard Deviation"
"55";"27";"6";"0.13";"1";"Association of multidimensional schizotypy with psychotic-like experiences, affect, and social functioning in daily life: Comparable findings across samples and schizotypy measures.";"WSS Positive";"WSS Positive";"Mean"
"240";"105";"6";"8.5";"1";"Correspondence between psychometric and clinical high risk for psychosis in an undergraduate population.";"Chap Percep";"Chap Percep";"Mean"
"239";"105";"7";"7.48";"1";"Correspondence between psychometric and clinical high risk for psychosis in an undergraduate population.";"Chap Mag Idea";"Chap Mag Idea";"Standard Deviation"
"238";"105";"6";"11.49";"1";"Correspondence between psychometric and clinical high risk for psychosis in an undergraduate population.";"Chap Mag Idea";"Chap Mag Idea";"Mean"
"237";"105";"7";"8.12";"1";"Correspondence between psychometric and clinical high risk for psychosis in an undergraduate population.";"Chap Soc Anhed";"Chap Soc Anhed";"Standard Deviation"
"210";"36";"5";"0.567";"1";"Exploring Stress Levels, Job Satisfaction, and Quality of Life in a Sample of Police Officers in Greece";"PSS";"GHQ";"Correlation"
"236";"105";"6";"12.07";"1";"Correspondence between psychometric and clinical high risk for psychosis in an undergraduate population.";"Chap Soc Anhed";"Chap Soc Anhed";"Mean"
"235";"104";"5";"-0.674";"1";"Sense of Coherence, Spirituality, Stress and Quality of Life in Chronic Illness";"QOL";"PSS";"Correlation"
"234";"104";"7";"8.4";"1";"Sense of Coherence, Spirituality, Stress and Quality of Life in Chronic Illness";"PSS";"PSS";"Standard Deviation"
"233";"104";"6";"22.8";"1";"Sense of Coherence, Spirituality, Stress and Quality of Life in Chronic Illness";"PSS";"PSS";"Mean"
"223";"186";"4";"0.8";"1";NULL;"30";"12";"Cohen\'s d"
"230";"102";"5";"-0.65";"1";"Perceived social support helps, but does not buffer the negative impact of anxiety disorders on quality of life and perceived stress";"PSS";"Psych QOL";"Correlation"
"229";"102";"7";"5.78";"1";"Perceived social support helps, but does not buffer the negative impact of anxiety disorders on quality of life and perceived stress";"PSS";"PSS";"Standard Deviation"
"231";"104";"6";"19.6";"1";"Sense of Coherence, Spirituality, Stress and Quality of Life in Chronic Illness";"QOL";"QOL";"Mean"
"217";"35";"5";"-0.34";"1";"Attachment, Coping, Acculturative Stress, and Quality of Life Among Haitian Immigrants";"Acculturative Stress";"Psych QOL";"Correlation"
"216";"35";"7";"19.4";"1";"Attachment, Coping, Acculturative Stress, and Quality of Life Among Haitian Immigrants";"Psych QOL";"Psych QOL";"Standard Deviation"
"215";"35";"6";"67.96";"1";"Attachment, Coping, Acculturative Stress, and Quality of Life Among Haitian Immigrants";"Psych QOL";"Psych QOL";"Mean"
"214";"35";"7";"24.93";"1";"Attachment, Coping, Acculturative Stress, and Quality of Life Among Haitian Immigrants";"Acculturative Stress";"Acculturative Stress";"Standard Deviation"
"213";"35";"6";"51.46";"1";"Attachment, Coping, Acculturative Stress, and Quality of Life Among Haitian Immigrants";"Acculturative Stress";"Acculturative Stress";"Mean"
"232";"104";"7";"5.6";"1";"Sense of Coherence, Spirituality, Stress and Quality of Life in Chronic Illness";"QOL";"QOL";"Standard Deviation"
"228";"102";"6";"13.67";"1";"Perceived social support helps, but does not buffer the negative impact of anxiety disorders on quality of life and perceived stress";"PSS";"PSS";"Mean"
"69";"28";"6";"125.09";"1";"Confirmatory Factor Analysis of the Three-Factor Structure of the Schizotypal Personality Questionnaire and Chapman Schizotypy Scales";"SPQ";"SPQ";"Mean"
"70";"28";"7";"40.03";"1";"Confirmatory Factor Analysis of the Three-Factor Structure of the Schizotypal Personality Questionnaire and Chapman Schizotypy Scales";"SPQ";"SPQ";"Standard Deviation"
"71";"28";"6";"45.42";"1";"Confirmatory Factor Analysis of the Three-Factor Structure of the Schizotypal Personality Questionnaire and Chapman Schizotypy Scales";"Chap Soc Anhed";"Chap Soc Anhed";"Mean"
"72";"28";"7";"17.75";"1";"Confirmatory Factor Analysis of the Three-Factor Structure of the Schizotypal Personality Questionnaire and Chapman Schizotypy Scales";"Chap Soc Anhed";"Chap Soc Anhed";"Standard Deviation"
"73";"28";"6";"33.6";"1";"Confirmatory Factor Analysis of the Three-Factor Structure of the Schizotypal Personality Questionnaire and Chapman Schizotypy Scales";"Chap Percep";"Chap Percep";"Mean"
"74";"28";"7";"18.37";"1";"Confirmatory Factor Analysis of the Three-Factor Structure of the Schizotypal Personality Questionnaire and Chapman Schizotypy Scales";"Chap Percep";"Chap Percep";"Standard Deviation"
"75";"28";"6";"38.97";"1";"Confirmatory Factor Analysis of the Three-Factor Structure of the Schizotypal Personality Questionnaire and Chapman Schizotypy Scales";"Chap Mag Idea";"Chap Mag Idea";"Mean"
"76";"28";"7";"19.19";"1";"Confirmatory Factor Analysis of the Three-Factor Structure of the Schizotypal Personality Questionnaire and Chapman Schizotypy Scales";"Chap Mag Idea";"Chap Mag Idea";"Standard Deviation"
"77";"28";"5";"0.701";"1";"Confirmatory Factor Analysis of the Three-Factor Structure of the Schizotypal Personality Questionnaire and Chapman Schizotypy Scales";"SPQ";"Chap Percep";"Correlation"
"78";"28";"5";"0.475";"1";"Confirmatory Factor Analysis of the Three-Factor Structure of the Schizotypal Personality Questionnaire and Chapman Schizotypy Scales";"SPQ";"Chap Soc Anhed";"Correlation"
"79";"28";"5";"0.724";"1";"Confirmatory Factor Analysis of the Three-Factor Structure of the Schizotypal Personality Questionnaire and Chapman Schizotypy Scales";"SPQ";"Chap Mag Idea";"Correlation"
"80";"28";"5";"0.327";"1";"Confirmatory Factor Analysis of the Three-Factor Structure of the Schizotypal Personality Questionnaire and Chapman Schizotypy Scales";"Chap Percep";"Chap Soc Anhed";"Correlation"
"81";"28";"5";"0.773";"1";"Confirmatory Factor Analysis of the Three-Factor Structure of the Schizotypal Personality Questionnaire and Chapman Schizotypy Scales";"Chap Percep";"Chap Mag Idea";"Correlation"
"82";"28";"5";"0.211";"1";"Confirmatory Factor Analysis of the Three-Factor Structure of the Schizotypal Personality Questionnaire and Chapman Schizotypy Scales";"Chap Soc Anhed";"Chap Mag Idea";"Correlation"
"83";"28";"6";"33.6";"1";"Confirmatory Factor Analysis of the Three-Factor Structure of the Schizotypal Personality Questionnaire and Chapman Schizotypy Scales";"Chap Percep";"Chap Percep";"Mean"
"84";"28";"7";"18.37";"1";"Confirmatory Factor Analysis of the Three-Factor Structure of the Schizotypal Personality Questionnaire and Chapman Schizotypy Scales";"Chap Percep";"Chap Percep";"Standard Deviation"
"85";"28";"6";"38.97";"1";"Confirmatory Factor Analysis of the Three-Factor Structure of the Schizotypal Personality Questionnaire and Chapman Schizotypy Scales";"Chap Mag Idea";"Chap Mag Idea";"Mean"
"86";"28";"7";"19.19";"1";"Confirmatory Factor Analysis of the Three-Factor Structure of the Schizotypal Personality Questionnaire and Chapman Schizotypy Scales";"Chap Mag Idea";"Chap Mag Idea";"Standard Deviation"
"87";"28";"5";"0.701";"1";"Confirmatory Factor Analysis of the Three-Factor Structure of the Schizotypal Personality Questionnaire and Chapman Schizotypy Scales";"SPQ";"Chap Percep";"Correlation"
"88";"28";"5";"0.475";"1";"Confirmatory Factor Analysis of the Three-Factor Structure of the Schizotypal Personality Questionnaire and Chapman Schizotypy Scales";"SPQ";"Chap Soc Anhed";"Correlation"
"89";"28";"5";"0.724";"1";"Confirmatory Factor Analysis of the Three-Factor Structure of the Schizotypal Personality Questionnaire and Chapman Schizotypy Scales";"SPQ";"Chap Mag Idea";"Correlation"
"90";"28";"5";"0.327";"1";"Confirmatory Factor Analysis of the Three-Factor Structure of the Schizotypal Personality Questionnaire and Chapman Schizotypy Scales";"Chap Percep";"Chap Soc Anhed";"Correlation"
"91";"28";"5";"0.773";"1";"Confirmatory Factor Analysis of the Three-Factor Structure of the Schizotypal Personality Questionnaire and Chapman Schizotypy Scales";"Chap Percep";"Chap Mag Idea";"Correlation"
"92";"28";"5";"0.211";"1";"Confirmatory Factor Analysis of the Three-Factor Structure of the Schizotypal Personality Questionnaire and Chapman Schizotypy Scales";"Chap Soc Anhed";"Chap Mag Idea";"Correlation"
"93";"29";"6";"1.91";"1";"Validation of the Multidimensional Schizotypy Scale-Brief in Two Large Samples";"MSSB Positive";"MSSB Positive";"Mean"
"94";"29";"7";"2.33";"1";"Validation of the Multidimensional Schizotypy Scale-Brief in Two Large Samples";"MSSB Positive";"MSSB Positive";"Standard Deviation"
"95";"29";"6";"2.08";"2";"Validation of the Multidimensional Schizotypy Scale-Brief in Two Large Samples";"MSSB Positive";"MSSB Positive";"Mean"
"96";"29";"7";"2.44";"2";"Validation of the Multidimensional Schizotypy Scale-Brief in Two Large Samples";"MSSB Positive";"MSSB Positive";"Standard Deviation"
"97";"29";"6";"1.77";"1";"Validation of the Multidimensional Schizotypy Scale-Brief in Two Large Samples";"MSSB Negative";"MSSB Negative";"Mean"
"98";"29";"7";"2.37";"1";"Validation of the Multidimensional Schizotypy Scale-Brief in Two Large Samples";"MSSB Negative";"MSSB Negative";"Standard Deviation"
"99";"29";"6";"2.15";"2";"Validation of the Multidimensional Schizotypy Scale-Brief in Two Large Samples";"MSSB Negative";"MSSB Negative";"Mean"
"100";"29";"7";"2.6";"2";"Validation of the Multidimensional Schizotypy Scale-Brief in Two Large Samples";"MSSB Negative";"MSSB Negative";"Standard Deviation"
"101";"29";"6";"1.7";"1";"Validation of the Multidimensional Schizotypy Scale-Brief in Two Large Samples";"MSSB Disorganized";"MSSB Disorganized";"Mean"
"102";"29";"7";"2.77";"1";"Validation of the Multidimensional Schizotypy Scale-Brief in Two Large Samples";"MSSB Disorganized";"MSSB Disorganized";"Standard Deviation"
"103";"29";"6";"1.79";"2";"Validation of the Multidimensional Schizotypy Scale-Brief in Two Large Samples";"MSSB Disorganized";"MSSB Disorganized";"Mean"
"104";"29";"7";"2.94";"2";"Validation of the Multidimensional Schizotypy Scale-Brief in Two Large Samples";"MSSB Disorganized";"MSSB Disorganized";"Standard Deviation"
"105";"29";"6";"3.22";"1";"Validation of the Multidimensional Schizotypy Scale-Brief in Two Large Samples";"SPQ-B Positive";"SPQ-B Positive";"Mean"
"106";"29";"7";"2.18";"1";"Validation of the Multidimensional Schizotypy Scale-Brief in Two Large Samples";"SPQ-B Positive";"SPQ-B Positive";"Standard Deviation"
"107";"29";"6";"3.88";"1";"Validation of the Multidimensional Schizotypy Scale-Brief in Two Large Samples";"SPQ-B Negative";"SPQ-B Negative";"Mean"
"108";"29";"7";"2.38";"1";"Validation of the Multidimensional Schizotypy Scale-Brief in Two Large Samples";"SPQ-B Negative";"SPQ-B Negative";"Standard Deviation"
"109";"29";"6";"2.1";"1";"Validation of the Multidimensional Schizotypy Scale-Brief in Two Large Samples";"SPQ-B Disorganized";"SPQ-B Disorganized";"Mean"
"110";"29";"7";"1.87";"1";"Validation of the Multidimensional Schizotypy Scale-Brief in Two Large Samples";"SPQ-B Disorganized";"SPQ-B Disorganized";"Standard Deviation"
"111";"29";"6";"3.22";"2";"Validation of the Multidimensional Schizotypy Scale-Brief in Two Large Samples";"SPQ-B Positive";"SPQ-B Positive";"Mean"
"112";"29";"7";"2.2";"2";"Validation of the Multidimensional Schizotypy Scale-Brief in Two Large Samples";"SPQ-B Positive";"SPQ-B Positive";"Standard Deviation"
"113";"29";"6";"4.38";"2";"Validation of the Multidimensional Schizotypy Scale-Brief in Two Large Samples";"SPQ-B Negative";"SPQ-B Negative";"Mean"
"114";"29";"7";"2.5";"2";"Validation of the Multidimensional Schizotypy Scale-Brief in Two Large Samples";"SPQ-B Negative";"SPQ-B Negative";"Standard Deviation"
"115";"29";"6";"2.24";"2";"Validation of the Multidimensional Schizotypy Scale-Brief in Two Large Samples";"SPQ-B Disorganized";"SPQ-B Disorganized";"Mean"
"116";"29";"7";"1.92";"2";"Validation of the Multidimensional Schizotypy Scale-Brief in Two Large Samples";"SPQ-B Disorganized";"SPQ-B Disorganized";"Standard Deviation"
"117";"29";"5";"0.71";"1";"Validation of the Multidimensional Schizotypy Scale-Brief in Two Large Samples";"SPQ-B Positive";"MSSB Positive";"Correlation"
"118";"29";"5";"0.17";"1";"Validation of the Multidimensional Schizotypy Scale-Brief in Two Large Samples";"SPQ-B Positive";"MSSB Negative";"Correlation"
"119";"29";"5";"0.4";"1";"Validation of the Multidimensional Schizotypy Scale-Brief in Two Large Samples";"SPQ-B Positive";"MSSB Disorganized";"Correlation"
"120";"29";"5";"0.3";"1";"Validation of the Multidimensional Schizotypy Scale-Brief in Two Large Samples";"SPQ-B Negative";"MSSB Positive";"Correlation"
"121";"29";"5";"0.49";"1";"Validation of the Multidimensional Schizotypy Scale-Brief in Two Large Samples";"SPQ-B Negative";"MSSB Negative";"Correlation"
"122";"29";"5";"0.43";"1";"Validation of the Multidimensional Schizotypy Scale-Brief in Two Large Samples";"SPQ-B Negative";"MSSB Disorganized";"Correlation"
"123";"29";"5";"0.45";"1";"Validation of the Multidimensional Schizotypy Scale-Brief in Two Large Samples";"SPQ-B Disorganized";"MSSB Positive";"Correlation"
"124";"29";"5";"0.36";"1";"Validation of the Multidimensional Schizotypy Scale-Brief in Two Large Samples";"SPQ-B Disorganized";"MSSB Negative";"Correlation"
"125";"29";"5";"0.56";"1";"Validation of the Multidimensional Schizotypy Scale-Brief in Two Large Samples";"SPQ-B Disorganized";"MSSB Disorganized";"Correlation"
"126";"29";"5";"0.69";"2";"Validation of the Multidimensional Schizotypy Scale-Brief in Two Large Samples";"SPQ-B Positive";"MSS Positive";"Correlation"
"127";"29";"5";"0.16";"2";"Validation of the Multidimensional Schizotypy Scale-Brief in Two Large Samples";"SPQ-B Positive";"MSS Negative";"Correlation"
"128";"29";"5";"0.38";"2";"Validation of the Multidimensional Schizotypy Scale-Brief in Two Large Samples";"SPQ-B Positive";"MSS Disorganized";"Correlation"
"129";"29";"5";"0.24";"2";"Validation of the Multidimensional Schizotypy Scale-Brief in Two Large Samples";"SPQ-B Negative";"MSSB Positive";"Correlation"
"130";"29";"5";"0.51";"2";"Validation of the Multidimensional Schizotypy Scale-Brief in Two Large Samples";"SPQ-B Negative";"MSSB Negative";"Correlation"
"131";"29";"5";"0.43";"2";"Validation of the Multidimensional Schizotypy Scale-Brief in Two Large Samples";"SPQ-B Negative";"MSSB Disorganized";"Correlation"
"132";"29";"5";"0.37";"2";"Validation of the Multidimensional Schizotypy Scale-Brief in Two Large Samples";"SPQ-B Disorganized";"MSSB Positive";"Correlation"
"133";"29";"5";"0.39";"2";"Validation of the Multidimensional Schizotypy Scale-Brief in Two Large Samples";"SPQ-B Disorganized";"MSSB Negative";"Correlation"
"134";"29";"5";"0.55";"2";"Validation of the Multidimensional Schizotypy Scale-Brief in Two Large Samples";"SPQ-B Disorganized";"MSSB Disorganized";"Correlation"
"135";"29";"6";"1.91";"1";"Validation of the Multidimensional Schizotypy Scale-Brief in Two Large Samples";"MSSB Positive";"MSSB Positive";"Mean"
"136";"29";"7";"2.33";"1";"Validation of the Multidimensional Schizotypy Scale-Brief in Two Large Samples";"MSSB Positive";"MSSB Positive";"Standard Deviation"
"137";"29";"6";"2.08";"2";"Validation of the Multidimensional Schizotypy Scale-Brief in Two Large Samples";"MSSB Positive";"MSSB Positive";"Mean"
"138";"29";"7";"2.44";"2";"Validation of the Multidimensional Schizotypy Scale-Brief in Two Large Samples";"MSSB Positive";"MSSB Positive";"Standard Deviation"
"139";"29";"6";"1.77";"1";"Validation of the Multidimensional Schizotypy Scale-Brief in Two Large Samples";"MSSB Negative";"MSSB Negative";"Mean"
"140";"29";"7";"2.37";"1";"Validation of the Multidimensional Schizotypy Scale-Brief in Two Large Samples";"MSSB Negative";"MSSB Negative";"Standard Deviation"
"141";"29";"6";"2.15";"2";"Validation of the Multidimensional Schizotypy Scale-Brief in Two Large Samples";"MSSB Negative";"MSSB Negative";"Mean"
"142";"29";"7";"2.6";"2";"Validation of the Multidimensional Schizotypy Scale-Brief in Two Large Samples";"MSSB Negative";"MSSB Negative";"Standard Deviation"
"143";"29";"6";"1.7";"1";"Validation of the Multidimensional Schizotypy Scale-Brief in Two Large Samples";"MSSB Disorganized";"MSSB Disorganized";"Mean"
"144";"29";"7";"2.77";"1";"Validation of the Multidimensional Schizotypy Scale-Brief in Two Large Samples";"MSSB Disorganized";"MSSB Disorganized";"Standard Deviation"
"145";"29";"6";"1.79";"2";"Validation of the Multidimensional Schizotypy Scale-Brief in Two Large Samples";"MSSB Disorganized";"MSSB Disorganized";"Mean"
"146";"29";"7";"2.94";"2";"Validation of the Multidimensional Schizotypy Scale-Brief in Two Large Samples";"MSSB Disorganized";"MSSB Disorganized";"Standard Deviation"
"147";"29";"6";"3.22";"1";"Validation of the Multidimensional Schizotypy Scale-Brief in Two Large Samples";"SPQ-B Positive";"SPQ-B Positive";"Mean"
"148";"29";"7";"2.18";"1";"Validation of the Multidimensional Schizotypy Scale-Brief in Two Large Samples";"SPQ-B Positive";"SPQ-B Positive";"Standard Deviation"
"149";"29";"6";"3.88";"1";"Validation of the Multidimensional Schizotypy Scale-Brief in Two Large Samples";"SPQ-B Negative";"SPQ-B Negative";"Mean"
"150";"29";"7";"2.38";"1";"Validation of the Multidimensional Schizotypy Scale-Brief in Two Large Samples";"SPQ-B Negative";"SPQ-B Negative";"Standard Deviation"
"151";"29";"6";"2.1";"1";"Validation of the Multidimensional Schizotypy Scale-Brief in Two Large Samples";"SPQ-B Disorganized";"SPQ-B Disorganized";"Mean"
"152";"29";"7";"1.87";"1";"Validation of the Multidimensional Schizotypy Scale-Brief in Two Large Samples";"SPQ-B Disorganized";"SPQ-B Disorganized";"Standard Deviation"
"153";"29";"6";"3.22";"2";"Validation of the Multidimensional Schizotypy Scale-Brief in Two Large Samples";"SPQ-B Positive";"SPQ-B Positive";"Mean"
"154";"29";"7";"2.2";"2";"Validation of the Multidimensional Schizotypy Scale-Brief in Two Large Samples";"SPQ-B Positive";"SPQ-B Positive";"Standard Deviation"
"155";"29";"6";"4.38";"2";"Validation of the Multidimensional Schizotypy Scale-Brief in Two Large Samples";"SPQ-B Negative";"SPQ-B Negative";"Mean"
"156";"29";"7";"2.5";"2";"Validation of the Multidimensional Schizotypy Scale-Brief in Two Large Samples";"SPQ-B Negative";"SPQ-B Negative";"Standard Deviation"
"157";"29";"6";"2.24";"2";"Validation of the Multidimensional Schizotypy Scale-Brief in Two Large Samples";"SPQ-B Disorganized";"SPQ-B Disorganized";"Mean"
"158";"29";"7";"1.92";"2";"Validation of the Multidimensional Schizotypy Scale-Brief in Two Large Samples";"SPQ-B Disorganized";"SPQ-B Disorganized";"Standard Deviation"
"159";"29";"5";"0.71";"1";"Validation of the Multidimensional Schizotypy Scale-Brief in Two Large Samples";"SPQ-B Positive";"MSSB Positive";"Correlation"
"160";"29";"5";"0.17";"1";"Validation of the Multidimensional Schizotypy Scale-Brief in Two Large Samples";"SPQ-B Positive";"MSSB Negative";"Correlation"
"161";"29";"5";"0.4";"1";"Validation of the Multidimensional Schizotypy Scale-Brief in Two Large Samples";"SPQ-B Positive";"MSSB Disorganized";"Correlation"
"162";"29";"5";"0.3";"1";"Validation of the Multidimensional Schizotypy Scale-Brief in Two Large Samples";"SPQ-B Negative";"MSSB Positive";"Correlation"
"163";"29";"5";"0.49";"1";"Validation of the Multidimensional Schizotypy Scale-Brief in Two Large Samples";"SPQ-B Negative";"MSSB Negative";"Correlation"
"164";"29";"5";"0.43";"1";"Validation of the Multidimensional Schizotypy Scale-Brief in Two Large Samples";"SPQ-B Negative";"MSSB Disorganized";"Correlation"
"165";"29";"5";"0.45";"1";"Validation of the Multidimensional Schizotypy Scale-Brief in Two Large Samples";"SPQ-B Disorganized";"MSSB Positive";"Correlation"
"166";"29";"5";"0.36";"1";"Validation of the Multidimensional Schizotypy Scale-Brief in Two Large Samples";"SPQ-B Disorganized";"MSSB Negative";"Correlation"
"167";"29";"5";"0.56";"1";"Validation of the Multidimensional Schizotypy Scale-Brief in Two Large Samples";"SPQ-B Disorganized";"MSSB Disorganized";"Correlation"
"168";"29";"5";"0.69";"2";"Validation of the Multidimensional Schizotypy Scale-Brief in Two Large Samples";"SPQ-B Positive";"MSS Positive";"Correlation"
"169";"29";"5";"0.16";"2";"Validation of the Multidimensional Schizotypy Scale-Brief in Two Large Samples";"SPQ-B Positive";"MSS Negative";"Correlation"
"170";"29";"5";"0.38";"2";"Validation of the Multidimensional Schizotypy Scale-Brief in Two Large Samples";"SPQ-B Positive";"MSS Disorganized";"Correlation"
"171";"29";"5";"0.24";"2";"Validation of the Multidimensional Schizotypy Scale-Brief in Two Large Samples";"SPQ-B Negative";"MSSB Positive";"Correlation"
"172";"29";"5";"0.51";"2";"Validation of the Multidimensional Schizotypy Scale-Brief in Two Large Samples";"SPQ-B Negative";"MSSB Negative";"Correlation"
"173";"29";"5";"0.43";"2";"Validation of the Multidimensional Schizotypy Scale-Brief in Two Large Samples";"SPQ-B Negative";"MSSB Disorganized";"Correlation"
"174";"29";"5";"0.37";"2";"Validation of the Multidimensional Schizotypy Scale-Brief in Two Large Samples";"SPQ-B Disorganized";"MSSB Positive";"Correlation"
"175";"29";"5";"0.39";"2";"Validation of the Multidimensional Schizotypy Scale-Brief in Two Large Samples";"SPQ-B Disorganized";"MSSB Negative";"Correlation"
"176";"29";"5";"0.55";"2";"Validation of the Multidimensional Schizotypy Scale-Brief in Two Large Samples";"SPQ-B Disorganized";"MSSB Disorganized";"Correlation"
"177";"30";"6";"51";"1";"Schizotypy and subjective well-being in university students";"SPQ Positive";"SPQ Positive";"Mean"
"178";"30";"6";"50.9";"1";"Schizotypy and subjective well-being in university students";"SPQ Negative";"SPQ Negative";"Mean"
"179";"30";"6";"27.9";"1";"Schizotypy and subjective well-being in university students";"SPQ Disorganized";"SPQ Disorganized";"Mean"
"180";"30";"6";"68.6";"1";"Schizotypy and subjective well-being in university students";"PWI (Personal well-being index";"PWI (Personal well-being index";"Mean"
"181";"30";"7";"21.3";"1";"Schizotypy and subjective well-being in university students";"SPQ Positive";"SPQ Positive";"Standard Deviation"
"182";"30";"7";"22.5";"1";"Schizotypy and subjective well-being in university students";"SPQ Negative";"SPQ Negative";"Standard Deviation"
"183";"30";"7";"12.4";"1";"Schizotypy and subjective well-being in university students";"SPQ Disorganized";"SPQ Disorganized";"Standard Deviation"
"184";"30";"7";"13.9";"1";"Schizotypy and subjective well-being in university students";"PWI (Personal well-being index";"PWI (Personal well-being index";"Standard Deviation"
"185";"30";"5";"-0.38";"1";"Schizotypy and subjective well-being in university students";"SPQ Positive";"PWI (Personal well-being index";"Correlation"
"186";"30";"5";"-0.58";"1";"Schizotypy and subjective well-being in university students";"SPQ Negative";"PWI (Personal well-being index";"Correlation"
"187";"30";"5";"-0.42";"1";"Schizotypy and subjective well-being in university students";"SPQ Disorganized";"PWI (Personal well-being index";"Correlation"
"188";"30";"6";"50.9";"1";"Schizotypy and subjective well-being in university students";"SPQ Negative";"SPQ Negative";"Mean"
"189";"30";"6";"27.9";"1";"Schizotypy and subjective well-being in university students";"SPQ Disorganized";"SPQ Disorganized";"Mean"
"190";"30";"6";"68.6";"1";"Schizotypy and subjective well-being in university students";"PWI (Personal well-being index";"PWI (Personal well-being index";"Mean"
"191";"30";"7";"21.3";"1";"Schizotypy and subjective well-being in university students";"SPQ Positive";"SPQ Positive";"Standard Deviation"
"192";"30";"7";"22.5";"1";"Schizotypy and subjective well-being in university students";"SPQ Negative";"SPQ Negative";"Standard Deviation"
"193";"30";"7";"12.4";"1";"Schizotypy and subjective well-being in university students";"SPQ Disorganized";"SPQ Disorganized";"Standard Deviation"
"194";"30";"7";"13.9";"1";"Schizotypy and subjective well-being in university students";"PWI (Personal well-being index";"PWI (Personal well-being index";"Standard Deviation"
"195";"30";"5";"-0.38";"1";"Schizotypy and subjective well-being in university students";"SPQ Positive";"PWI (Personal well-being index";"Correlation"
"196";"30";"5";"-0.58";"1";"Schizotypy and subjective well-being in university students";"SPQ Negative";"PWI (Personal well-being index";"Correlation"
"197";"30";"5";"-0.42";"1";"Schizotypy and subjective well-being in university students";"SPQ Disorganized";"PWI (Personal well-being index";"Correlation"
"198";"31";"6";"8";"1";"Empathy, social functioning and schizotypy";"SPQ Positive";"SPQ Positive";"Mean"
"199";"31";"7";"6.81";"1";"Empathy, social functioning and schizotypy";"SPQ Positive";"SPQ Positive";"Standard Deviation"
"200";"31";"6";"10.3";"1";"Empathy, social functioning and schizotypy";"SPQ Negative";"SPQ Negative";"Mean"
"201";"31";"7";"7.85";"1";"Empathy, social functioning and schizotypy";"SPQ Negative";"SPQ Negative";"Standard Deviation"
"202";"31";"6";"4.1";"1";"Empathy, social functioning and schizotypy";"SPQ Disorganized";"SPQ Disorganized";"Mean"
"203";"31";"7";"3.82";"1";"Empathy, social functioning and schizotypy";"SPQ Disorganized";"SPQ Disorganized";"Standard Deviation"
"204";"31";"6";"130.3";"1";"Empathy, social functioning and schizotypy";"SFS (Social Functioning Scale)";"SFS (Social Functioning Scale)";"Mean"
"205";"31";"7";"18.56";"1";"Empathy, social functioning and schizotypy";"SFS (Social Functioning Scale)";"SFS (Social Functioning Scale)";"Standard Deviation"
"206";"31";"5";"-0.05";"1";"Empathy, social functioning and schizotypy";"SPQ Positive";"SFS (Social Functioning Scale)";"Correlation"
"207";"31";"5";"-0.31";"1";"Empathy, social functioning and schizotypy";"SPQ Negative";"SFS (Social Functioning Scale)";"Correlation"
"208";"31";"5";"-0.12";"1";"Empathy, social functioning and schizotypy";"SPQ Disorganized";"SFS (Social Functioning Scale)";"Correlation"
"241";"105";"7";"8.18";"1";"Correspondence between psychometric and clinical high risk for psychosis in an undergraduate population.";"Chap Percep";"Chap Percep";"Standard Deviation"
"242";"105";"5";"-0.01";"1";"Correspondence between psychometric and clinical high risk for psychosis in an undergraduate population.";"Chap Percep";"Chap Soc Anhed";"Correlation"
"243";"105";"5";"0.72";"1";"Correspondence between psychometric and clinical high risk for psychosis in an undergraduate population.";"Chap Percep";"Chap Mag Idea";"Correlation"
"244";"105";"5";"-0.07";"1";"Correspondence between psychometric and clinical high risk for psychosis in an undergraduate population.";"Chap Mag Idea";"Chap Soc Anhed";"Correlation"
"245";"105";"5";"0.59";"1";"Correspondence between psychometric and clinical high risk for psychosis in an undergraduate population.";"Chap Mag Idea";"SIPS Positive";"Correlation"
"246";"105";"5";"0.12";"1";"Correspondence between psychometric and clinical high risk for psychosis in an undergraduate population.";"Chap Mag Idea";"SIPS Negative";"Correlation"
"247";"105";"5";"0.46";"1";"Correspondence between psychometric and clinical high risk for psychosis in an undergraduate population.";"Chap Mag Idea";"SIPS Disorganized";"Correlation"
"248";"105";"5";"0.61";"1";"Correspondence between psychometric and clinical high risk for psychosis in an undergraduate population.";"Chap Percep";"SIPS Positive";"Correlation"
"249";"105";"5";"0.14";"1";"Correspondence between psychometric and clinical high risk for psychosis in an undergraduate population.";"Chap Percep";"SIPS Negative";"Correlation"
"250";"105";"5";"0.38";"1";"Correspondence between psychometric and clinical high risk for psychosis in an undergraduate population.";"Chap Percep";"SIPS Disorganized";"Correlation"
"251";"105";"5";"0.03";"1";"Correspondence between psychometric and clinical high risk for psychosis in an undergraduate population.";"Chap Soc Anhed";"SIPS Positive";"Correlation"
"252";"105";"5";"0.48";"1";"Correspondence between psychometric and clinical high risk for psychosis in an undergraduate population.";"Chap Soc Anhed";"SIPS Negative";"Correlation"
"253";"105";"5";"0.06";"1";"Correspondence between psychometric and clinical high risk for psychosis in an undergraduate population.";"Chap Soc Anhed";"SIPS Disorganized";"Correlation"
"254";"105";"5";"0.38";"1";"Correspondence between psychometric and clinical high risk for psychosis in an undergraduate population.";"SIPS Positive";"SIPS Negative";"Correlation"
"255";"105";"5";"0.47";"1";"Correspondence between psychometric and clinical high risk for psychosis in an undergraduate population.";"SIPS Negative";"SIPS Disorganized";"Correlation"
"256";"105";"5";"0.7";"1";"Correspondence between psychometric and clinical high risk for psychosis in an undergraduate population.";"SIPS Positive";"SIPS Disorganized";"Correlation"
"257";"106";"6";"8.1";"1";"The relationship of symptoms and level of functioning in schizophrenia to general wellbeing and the Quality of Life Scale";"GWB";"GWB";"Mean"
"258";"106";"7";"2.2";"1";"The relationship of symptoms and level of functioning in schizophrenia to general wellbeing and the Quality of Life Scale";"GWB";"GWB";"Standard Deviation"
"259";"106";"6";"66.2";"1";"The relationship of symptoms and level of functioning in schizophrenia to general wellbeing and the Quality of Life Scale";"QOL";"QOL";"Mean"
"260";"106";"7";"19.3";"1";"The relationship of symptoms and level of functioning in schizophrenia to general wellbeing and the Quality of Life Scale";"QOL";"QOL";"Standard Deviation"
"261";"106";"5";"-0.37";"1";"The relationship of symptoms and level of functioning in schizophrenia to general wellbeing and the Quality of Life Scale";"SAPS";"QOL";"Correlation"
"262";"106";"5";"-0.43";"1";"The relationship of symptoms and level of functioning in schizophrenia to general wellbeing and the Quality of Life Scale";"SAPS";"GWB";"Correlation"
"263";"106";"5";"-0.77";"1";"The relationship of symptoms and level of functioning in schizophrenia to general wellbeing and the Quality of Life Scale";"SANS";"QOL";"Correlation"
"264";"106";"5";"-0.13";"1";"The relationship of symptoms and level of functioning in schizophrenia to general wellbeing and the Quality of Life Scale";"SANS";"GWB";"Correlation"
"265";"107";"5";"-0.39";"1";"Coping with severe mental illness: Relations of the Brief COPE with symptoms, functioning, and well-being";"BPRS";"GWB";"Correlation"
"266";"107";"5";"-0.15";"1";"Coping with severe mental illness: Relations of the Brief COPE with symptoms, functioning, and well-being";"BPRS";"SF";"Correlation"
"267";"107";"5";"0.29";"1";"Coping with severe mental illness: Relations of the Brief COPE with symptoms, functioning, and well-being";"GWB";"SF";"Correlation"
"268";"107";"5";"0.29";"2";"Coping with severe mental illness: Relations of the Brief COPE with symptoms, functioning, and well-being";;;"Correlation"
"269";"107";"5";"0.29";"1";"Coping with severe mental illness: Relations of the Brief COPE with symptoms, functioning, and well-being";;;"Correlation"
"270";"107";"5";"0.29";"2";"Coping with severe mental illness: Relations of the Brief COPE with symptoms, functioning, and well-being";"BPRS";"GWB";"Correlation"
"271";"107";"5";"0.29";"2";"Coping with severe mental illness: Relations of the Brief COPE with symptoms, functioning, and well-being";"BPRS";"SF";"Correlation"
"272";"107";"5";"0.29";"2";"Coping with severe mental illness: Relations of the Brief COPE with symptoms, functioning, and well-being";"GWB";"SF";"Correlation"
"273";"107";"5";"0.2";"2";"Coping with severe mental illness: Relations of the Brief COPE with symptoms, functioning, and well-being";"BPRS";"GWB";"Correlation"
"274";"107";"5";"-0.11";"2";"Coping with severe mental illness: Relations of the Brief COPE with symptoms, functioning, and well-being";"BPRS";"SF";"Correlation"
"275";"107";"5";"0.1";"2";"Coping with severe mental illness: Relations of the Brief COPE with symptoms, functioning, and well-being";"GWB";"SF";"Correlation"
"276";"108";"6";"17.8";"1";"Schizophrenia and quality of life: how important are symptoms and functioning?";"Psych QOL";"Psych QOL";"Mean"
"277";"108";"7";"3.2";"1";"Schizophrenia and quality of life: how important are symptoms and functioning?";"Psych QOL";"Psych QOL";"Standard Deviation"
"278";"108";"6";"47.3";"1";"Schizophrenia and quality of life: how important are symptoms and functioning?";"BPRS";"BPRS";"Mean"
"279";"108";"7";"18.1";"1";"Schizophrenia and quality of life: how important are symptoms and functioning?";"BPRS";"BPRS";"Standard Deviation"
"280";"108";"5";"-0.2";"1";"Schizophrenia and quality of life: how important are symptoms and functioning?";"BPRS";"Psych QOL";"Correlation"
"281";"109";"6";"14.4";"1";"Is personal and social functioning associated with subjective quality of life in schizophrenia patients living in the community?";"PANSS Positive";"PANSS Positive";"Mean"
"282";"109";"7";"5.88";"1";"Is personal and social functioning associated with subjective quality of life in schizophrenia patients living in the community?";"PANSS Positive";"PANSS Positive";"Standard Deviation"
"283";"109";"6";"18.7";"1";"Is personal and social functioning associated with subjective quality of life in schizophrenia patients living in the community?";"PANSS Negative";"PANSS Negative";"Mean"
"284";"109";"7";"6.59";"1";"Is personal and social functioning associated with subjective quality of life in schizophrenia patients living in the community?";"PANSS Negative";"PANSS Negative";"Standard Deviation"
"285";"109";"6";"63";"1";"Is personal and social functioning associated with subjective quality of life in schizophrenia patients living in the community?";"Psych QOL";"Psych QOL";"Mean"
"286";"109";"7";"17.36";"1";"Is personal and social functioning associated with subjective quality of life in schizophrenia patients living in the community?";"Psych QOL";"Psych QOL";"Standard Deviation"
"287";"109";"5";"-0.073";"1";"Is personal and social functioning associated with subjective quality of life in schizophrenia patients living in the community?";"PANSS Positive";"Psych QOL";"Correlation"
"288";"109";"5";"-0.298";"1";"Is personal and social functioning associated with subjective quality of life in schizophrenia patients living in the community?";"PANSS Negative";"Psych QOL";"Correlation"
"289";"110";"6";"66";"1";"Perceived functioning, well-being and psychiatric symptoms in patients with stable schizophrenia treated with long-acting risperidone for 1 year";"SF";"SF";"Mean"
"290";"110";"7";"27.4";"1";"Perceived functioning, well-being and psychiatric symptoms in patients with stable schizophrenia treated with long-acting risperidone for 1 year";"SF";"SF";"Standard Deviation"
"291";"110";"5";"-0.26";"2";"Perceived functioning, well-being and psychiatric symptoms in patients with stable schizophrenia treated with long-acting risperidone for 1 year";"SF";"PANSS Positive";"Correlation"
"292";"110";"5";"-0.27";"2";"Perceived functioning, well-being and psychiatric symptoms in patients with stable schizophrenia treated with long-acting risperidone for 1 year";"SF";"PANSS Negative";"Correlation"
"293";"111";"6";"5.96";"1";"Follow-up factor structure of schizotypy and its clinical associations in a help-seeking sample meeting ultra-high risk for psychosis criteria at baseline";"BPRS";"BPRS";"Mean"
"294";"111";"7";"2.52";"1";"Follow-up factor structure of schizotypy and its clinical associations in a help-seeking sample meeting ultra-high risk for psychosis criteria at baseline";"BPRS";"BPRS";"Standard Deviation"
"295";"111";"6";"9.73";"1";"Follow-up factor structure of schizotypy and its clinical associations in a help-seeking sample meeting ultra-high risk for psychosis criteria at baseline";"SANS";"SANS";"Mean"
"296";"111";"7";"11.62";"1";"Follow-up factor structure of schizotypy and its clinical associations in a help-seeking sample meeting ultra-high risk for psychosis criteria at baseline";"SANS";"SANS";"Standard Deviation"
"297";"111";"6";"99.51";"1";"Follow-up factor structure of schizotypy and its clinical associations in a help-seeking sample meeting ultra-high risk for psychosis criteria at baseline";"QOL";"QOL";"Mean"
"298";"111";"7";"21.81";"1";"Follow-up factor structure of schizotypy and its clinical associations in a help-seeking sample meeting ultra-high risk for psychosis criteria at baseline";"QOL";"QOL";"Standard Deviation"
"299";"111";"6";"2.67";"1";"Follow-up factor structure of schizotypy and its clinical associations in a help-seeking sample meeting ultra-high risk for psychosis criteria at baseline";"UE";"UE";"Mean"
"300";"111";"7";"2.64";"1";"Follow-up factor structure of schizotypy and its clinical associations in a help-seeking sample meeting ultra-high risk for psychosis criteria at baseline";"UE";"UE";"Standard Deviation"
"301";"111";"6";"5.03";"1";"Follow-up factor structure of schizotypy and its clinical associations in a help-seeking sample meeting ultra-high risk for psychosis criteria at baseline";"CD";"CD";"Mean"
"302";"111";"7";"3.33";"1";"Follow-up factor structure of schizotypy and its clinical associations in a help-seeking sample meeting ultra-high risk for psychosis criteria at baseline";"CD";"CD";"Standard Deviation"
"303";"111";"6";"2.66";"1";"Follow-up factor structure of schizotypy and its clinical associations in a help-seeking sample meeting ultra-high risk for psychosis criteria at baseline";"IA";"IA";"Mean"
"304";"111";"7";"2.26";"1";"Follow-up factor structure of schizotypy and its clinical associations in a help-seeking sample meeting ultra-high risk for psychosis criteria at baseline";"IA";"IA";"Standard Deviation"
"305";"111";"6";"3.39";"1";"Follow-up factor structure of schizotypy and its clinical associations in a help-seeking sample meeting ultra-high risk for psychosis criteria at baseline";"IN";"IN";"Mean"
"306";"111";"7";"2.3";"1";"Follow-up factor structure of schizotypy and its clinical associations in a help-seeking sample meeting ultra-high risk for psychosis criteria at baseline";"IN";"IN";"Standard Deviation"
"307";"111";"5";"0.532";"1";"Follow-up factor structure of schizotypy and its clinical associations in a help-seeking sample meeting ultra-high risk for psychosis criteria at baseline";"UE";"CD";"Correlation"
"308";"111";"5";"0.23";"1";"Follow-up factor structure of schizotypy and its clinical associations in a help-seeking sample meeting ultra-high risk for psychosis criteria at baseline";"UE";"IA";"Correlation"
"309";"111";"5";"0.46";"1";"Follow-up factor structure of schizotypy and its clinical associations in a help-seeking sample meeting ultra-high risk for psychosis criteria at baseline";"UE";"IN";"Correlation"
"310";"111";"5";"0.429";"1";"Follow-up factor structure of schizotypy and its clinical associations in a help-seeking sample meeting ultra-high risk for psychosis criteria at baseline";"UE";"BPRS";"Correlation"
"311";"111";"5";"0.236";"1";"Follow-up factor structure of schizotypy and its clinical associations in a help-seeking sample meeting ultra-high risk for psychosis criteria at baseline";"UE";"SANS";"Correlation"
"312";"111";"5";"-0.27";"1";"Follow-up factor structure of schizotypy and its clinical associations in a help-seeking sample meeting ultra-high risk for psychosis criteria at baseline";"UE";"QOL";"Correlation"
"313";"111";"5";"0.515";"1";"Follow-up factor structure of schizotypy and its clinical associations in a help-seeking sample meeting ultra-high risk for psychosis criteria at baseline";"CD";"IA";"Correlation"
"314";"111";"5";"0.547";"1";"Follow-up factor structure of schizotypy and its clinical associations in a help-seeking sample meeting ultra-high risk for psychosis criteria at baseline";"CD";"IN";"Correlation"
"315";"111";"5";"0.37";"1";"Follow-up factor structure of schizotypy and its clinical associations in a help-seeking sample meeting ultra-high risk for psychosis criteria at baseline";"CD";"BPRS";"Correlation"
"316";"111";"5";"0.434";"1";"Follow-up factor structure of schizotypy and its clinical associations in a help-seeking sample meeting ultra-high risk for psychosis criteria at baseline";"CD";"SANS";"Correlation"
"317";"111";"5";"-0.497";"1";"Follow-up factor structure of schizotypy and its clinical associations in a help-seeking sample meeting ultra-high risk for psychosis criteria at baseline";"CD";"QOL";"Correlation"
"318";"111";"5";"0.285";"1";"Follow-up factor structure of schizotypy and its clinical associations in a help-seeking sample meeting ultra-high risk for psychosis criteria at baseline";"IA";"IN";"Correlation"
"319";"111";"5";"0.388";"1";"Follow-up factor structure of schizotypy and its clinical associations in a help-seeking sample meeting ultra-high risk for psychosis criteria at baseline";"IA";"BPRS";"Correlation"
"320";"111";"5";"0.519";"1";"Follow-up factor structure of schizotypy and its clinical associations in a help-seeking sample meeting ultra-high risk for psychosis criteria at baseline";"IA";"SANS";"Correlation"
"321";"111";"5";"-0.592";"1";"Follow-up factor structure of schizotypy and its clinical associations in a help-seeking sample meeting ultra-high risk for psychosis criteria at baseline";"IA";"QOL";"Correlation"
"322";"111";"5";"0.337";"1";"Follow-up factor structure of schizotypy and its clinical associations in a help-seeking sample meeting ultra-high risk for psychosis criteria at baseline";"IN";"BPRS";"Correlation"
"323";"111";"5";"0.228";"1";"Follow-up factor structure of schizotypy and its clinical associations in a help-seeking sample meeting ultra-high risk for psychosis criteria at baseline";"IN";"SANS";"Correlation"
"324";"111";"5";"-0.331";"1";"Follow-up factor structure of schizotypy and its clinical associations in a help-seeking sample meeting ultra-high risk for psychosis criteria at baseline";"IN";"QOL";"Correlation"
"325";"111";"5";"0.53";"1";"Follow-up factor structure of schizotypy and its clinical associations in a help-seeking sample meeting ultra-high risk for psychosis criteria at baseline";"BPRS";"SANS";"Correlation"
"326";"111";"5";"-0.495";"1";"Follow-up factor structure of schizotypy and its clinical associations in a help-seeking sample meeting ultra-high risk for psychosis criteria at baseline";"BPRS";"QOL";"Correlation"
"327";"111";"5";"-0.791";"1";"Follow-up factor structure of schizotypy and its clinical associations in a help-seeking sample meeting ultra-high risk for psychosis criteria at baseline";"SANS";"QOL";"Correlation"
"328";"112";"6";"20.3";"1";"Schizotypy and clinical symptoms, cognitive function, and quality of life in individuals with a psychotic disorder";"PANSS Positive";"PANSS Positive";"Mean"
"329";"112";"7";"7";"1";"Schizotypy and clinical symptoms, cognitive function, and quality of life in individuals with a psychotic disorder";"PANSS Positive";"PANSS Positive";"Standard Deviation"
"330";"112";"6";"15.1";"1";"Schizotypy and clinical symptoms, cognitive function, and quality of life in individuals with a psychotic disorder";"PANSS Negative";"PANSS Negative";"Mean"
"331";"112";"7";"7.7";"1";"Schizotypy and clinical symptoms, cognitive function, and quality of life in individuals with a psychotic disorder";"PANSS Negative";"PANSS Negative";"Standard Deviation"
"332";"112";"5";"0.146";"1";"Schizotypy and clinical symptoms, cognitive function, and quality of life in individuals with a psychotic disorder";"PANSS Positive";"SPQ";"Correlation"
"333";"112";"5";"0.205";"1";"Schizotypy and clinical symptoms, cognitive function, and quality of life in individuals with a psychotic disorder";"PANSS Negative";"SPQ";"Correlation"
"334";"113";"6";"13.1";"1";"Psychological well-being among individuals with first-episode psychosis";"PANSS Positive";"PANSS Positive";"Mean"
"335";"113";"7";"5.17";"1";"Psychological well-being among individuals with first-episode psychosis";"PANSS Positive";"PANSS Positive";"Standard Deviation"
"336";"113";"6";"14.56";"1";"Psychological well-being among individuals with first-episode psychosis";"PANSS Negative";"PANSS Negative";"Mean"
"337";"113";"7";"5.01";"1";"Psychological well-being among individuals with first-episode psychosis";"PANSS Negative";"PANSS Negative";"Standard Deviation"
"338";"113";"6";"44";"1";"Psychological well-being among individuals with first-episode psychosis";"QOL";"QOL";"Mean"
"339";"113";"7";"10.83";"1";"Psychological well-being among individuals with first-episode psychosis";"QOL";"QOL";"Standard Deviation"
"340";"113";"5";"0.16";"1";"Psychological well-being among individuals with first-episode psychosis";"PANSS Positive";"PANSS Negative";"Correlation"
"341";"113";"5";"-0.3";"1";"Psychological well-being among individuals with first-episode psychosis";"PANSS Positive";"QOL";"Correlation"
"342";"113";"5";"-0.59";"1";"Psychological well-being among individuals with first-episode psychosis";"PANSS Negative";"QOL";"Correlation"
"343";"116";"6";"63.63";"1";"Quality of life across the schizotypy spectrum: findings from a large nonclinical adult sample";"SPQ Positive";"SPQ Positive";"Mean"
"344";"116";"7";"19.88";"1";"Quality of life across the schizotypy spectrum: findings from a large nonclinical adult sample";"SPQ Positive";"SPQ Positive";"Standard Deviation"
"345";"116";"6";"23.41";"1";"Quality of life across the schizotypy spectrum: findings from a large nonclinical adult sample";"SPQ Negative";"SPQ Negative";"Mean"
"346";"116";"7";"21.18";"1";"Quality of life across the schizotypy spectrum: findings from a large nonclinical adult sample";"SPQ Negative";"SPQ Negative";"Standard Deviation"
"347";"116";"6";"33.45";"1";"Quality of life across the schizotypy spectrum: findings from a large nonclinical adult sample";"SPQ Disorganized";"SPQ Disorganized";"Mean"
"348";"116";"7";"11.58";"1";"Quality of life across the schizotypy spectrum: findings from a large nonclinical adult sample";"SPQ Disorganized";"SPQ Disorganized";"Standard Deviation"
"349";"116";"6";"144.38";"1";"Quality of life across the schizotypy spectrum: findings from a large nonclinical adult sample";"SPQ";"SPQ";"Mean"
"350";"116";"7";"41.13";"1";"Quality of life across the schizotypy spectrum: findings from a large nonclinical adult sample";"SPQ";"SPQ";"Standard Deviation"
"351";"116";"6";"41.61";"1";"Quality of life across the schizotypy spectrum: findings from a large nonclinical adult sample";"Subjective QOL";"Subjective QOL";"Mean"
"352";"116";"7";"6.66";"1";"Quality of life across the schizotypy spectrum: findings from a large nonclinical adult sample";"Subjective QOL";"Subjective QOL";"Standard Deviation"
"353";"116";"5";"0.49";"1";"Quality of life across the schizotypy spectrum: findings from a large nonclinical adult sample";"SPQ Positive";"SPQ Negative";"Correlation"
"354";"116";"5";"0.65";"1";"Quality of life across the schizotypy spectrum: findings from a large nonclinical adult sample";"SPQ Positive";"SPQ Disorganized";"Correlation"
"355";"116";"5";"0.87";"1";"Quality of life across the schizotypy spectrum: findings from a large nonclinical adult sample";"SPQ Positive";"SPQ";"Correlation"
"356";"116";"5";"-0.43";"1";"Quality of life across the schizotypy spectrum: findings from a large nonclinical adult sample";"SPQ Positive";"Subjective QOL";"Correlation"
"357";"116";"5";"0.56";"1";"Quality of life across the schizotypy spectrum: findings from a large nonclinical adult sample";"SPQ Negative";"SPQ Disorganized";"Correlation"
"358";"116";"5";"0.78";"1";"Quality of life across the schizotypy spectrum: findings from a large nonclinical adult sample";"SPQ Negative";"SPQ";"Correlation"
"359";"116";"5";"-0.54";"1";"Quality of life across the schizotypy spectrum: findings from a large nonclinical adult sample";"SPQ Negative";"Subjective QOL";"Correlation"
"360";"116";"5";"0.83";"1";"Quality of life across the schizotypy spectrum: findings from a large nonclinical adult sample";"SPQ Disorganized";"SPQ";"Correlation"
"361";"116";"5";"-0.42";"1";"Quality of life across the schizotypy spectrum: findings from a large nonclinical adult sample";"SPQ Disorganized";"Subjective QOL";"Correlation"
"362";"116";"5";"-0.54";"1";"Quality of life across the schizotypy spectrum: findings from a large nonclinical adult sample";"SPQ";"Subjective QOL";"Correlation"
"363";"118";"6";"9.98";"1";"Metacognitive and Social Cognition Deficits in Patients With Significant Psychiatric and Medical Adversity";"UE";"UE";"Mean"
"364";"118";"7";"6.3";"1";"Metacognitive and Social Cognition Deficits in Patients With Significant Psychiatric and Medical Adversity";"UE";"UE";"Standard Deviation"
"365";"118";"6";"3.38";"1";"Metacognitive and Social Cognition Deficits in Patients With Significant Psychiatric and Medical Adversity";"IA";"IA";"Mean"
"366";"118";"7";"2.62";"1";"Metacognitive and Social Cognition Deficits in Patients With Significant Psychiatric and Medical Adversity";"IA";"IA";"Standard Deviation"
"367";"118";"6";"10.66";"1";"Metacognitive and Social Cognition Deficits in Patients With Significant Psychiatric and Medical Adversity";"CD";"CD";"Mean"
"368";"118";"7";"6.75";"1";"Metacognitive and Social Cognition Deficits in Patients With Significant Psychiatric and Medical Adversity";"CD";"CD";"Standard Deviation"
"369";"118";"6";"8.54";"1";"Metacognitive and Social Cognition Deficits in Patients With Significant Psychiatric and Medical Adversity";"IN";"IN";"Mean"
"370";"118";"7";"3.91";"1";"Metacognitive and Social Cognition Deficits in Patients With Significant Psychiatric and Medical Adversity";"IN";"IN";"Standard Deviation"
"371";"118";"6";"32.56";"1";"Metacognitive and Social Cognition Deficits in Patients With Significant Psychiatric and Medical Adversity";"O-LIFE Total";"O-LIFE Total";"Mean"
"372";"118";"7";"15.37";"1";"Metacognitive and Social Cognition Deficits in Patients With Significant Psychiatric and Medical Adversity";"O-LIFE Total";"O-LIFE Total";"Standard Deviation"
"373";"118";"6";"46.24";"1";"Metacognitive and Social Cognition Deficits in Patients With Significant Psychiatric and Medical Adversity";"QOL";"QOL";"Mean"
"374";"118";"7";"22.35";"1";"Metacognitive and Social Cognition Deficits in Patients With Significant Psychiatric and Medical Adversity";"QOL";"QOL";"Standard Deviation"
"375";"118";"5";"0.1";"1";"Metacognitive and Social Cognition Deficits in Patients With Significant Psychiatric and Medical Adversity";"UE";"IA";"Correlation"
"376";"118";"5";"0.59";"1";"Metacognitive and Social Cognition Deficits in Patients With Significant Psychiatric and Medical Adversity";"UE";"CD";"Correlation"
"377";"118";"5";"0.62";"1";"Metacognitive and Social Cognition Deficits in Patients With Significant Psychiatric and Medical Adversity";"UE";"IN";"Correlation"
"378";"118";"5";"0.85";"1";"Metacognitive and Social Cognition Deficits in Patients With Significant Psychiatric and Medical Adversity";"UE";"O-LIFE Total";"Correlation"
"379";"118";"5";"-0.45";"1";"Metacognitive and Social Cognition Deficits in Patients With Significant Psychiatric and Medical Adversity";"UE";"QOL";"Correlation"
"380";"118";"5";"0.38";"1";"Metacognitive and Social Cognition Deficits in Patients With Significant Psychiatric and Medical Adversity";"IA";"CD";"Correlation"
"381";"118";"5";"0.24";"1";"Metacognitive and Social Cognition Deficits in Patients With Significant Psychiatric and Medical Adversity";"IA";"IN";"Correlation"
"382";"118";"5";"0.44";"1";"Metacognitive and Social Cognition Deficits in Patients With Significant Psychiatric and Medical Adversity";"IA";"O-LIFE Total";"Correlation"
"383";"118";"5";"-0.21";"1";"Metacognitive and Social Cognition Deficits in Patients With Significant Psychiatric and Medical Adversity";"IA";"QOL";"Correlation"
"384";"118";"5";"0.5";"1";"Metacognitive and Social Cognition Deficits in Patients With Significant Psychiatric and Medical Adversity";"CD";"IN";"Correlation"
"385";"118";"5";"0.87";"1";"Metacognitive and Social Cognition Deficits in Patients With Significant Psychiatric and Medical Adversity";"CD";"O-LIFE Total";"Correlation"
"386";"118";"5";"-0.41";"1";"Metacognitive and Social Cognition Deficits in Patients With Significant Psychiatric and Medical Adversity";"CD";"QOL";"Correlation"
"387";"118";"5";"0.77";"1";"Metacognitive and Social Cognition Deficits in Patients With Significant Psychiatric and Medical Adversity";"IN";"O-LIFE Total";"Correlation"
"388";"118";"5";"-0.45";"1";"Metacognitive and Social Cognition Deficits in Patients With Significant Psychiatric and Medical Adversity";"IN";"QOL";"Correlation"
"389";"118";"5";"-0.52";"1";"Metacognitive and Social Cognition Deficits in Patients With Significant Psychiatric and Medical Adversity";"O-LIFE Total";"QOL";"Correlation"
"390";"119";"6";"10.89";"1";"Theory of Mind, psychotic-like experiences and psychometric schizotypy in adolescents from the general population";"UE";"UE";"Mean"
"391";"119";"7";"6.21";"1";"Theory of Mind, psychotic-like experiences and psychometric schizotypy in adolescents from the general population";"UE";"UE";"Standard Deviation"
"392";"119";"6";"12.08";"1";"Theory of Mind, psychotic-like experiences and psychometric schizotypy in adolescents from the general population";"CD";"CD";"Mean"
"393";"119";"7";"5.22";"1";"Theory of Mind, psychotic-like experiences and psychometric schizotypy in adolescents from the general population";"CD";"CD";"Standard Deviation"
"394";"119";"6";"6.99";"1";"Theory of Mind, psychotic-like experiences and psychometric schizotypy in adolescents from the general population";"IA";"IA";"Mean"
"395";"119";"7";"3.51";"1";"Theory of Mind, psychotic-like experiences and psychometric schizotypy in adolescents from the general population";"IA";"IA";"Standard Deviation"
"396";"119";"6";"8.24";"1";"Theory of Mind, psychotic-like experiences and psychometric schizotypy in adolescents from the general population";"IN";"IN";"Mean"
"397";"119";"7";"3.86";"1";"Theory of Mind, psychotic-like experiences and psychometric schizotypy in adolescents from the general population";"IN";"IN";"Standard Deviation"
"398";"119";"6";"31.56";"1";"Theory of Mind, psychotic-like experiences and psychometric schizotypy in adolescents from the general population";"CAPE Positive";"CAPE Positive";"Mean"
"399";"119";"7";"6.8";"1";"Theory of Mind, psychotic-like experiences and psychometric schizotypy in adolescents from the general population";"CAPE Positive";"CAPE Positive";"Standard Deviation"
"400";"119";"6";"24.49";"1";"Theory of Mind, psychotic-like experiences and psychometric schizotypy in adolescents from the general population";"CAPE Negative";"CAPE Negative";"Mean"
"401";"119";"7";"6.19";"1";"Theory of Mind, psychotic-like experiences and psychometric schizotypy in adolescents from the general population";"CAPE Negative";"CAPE Negative";"Standard Deviation"
"402";"119";"5";"0.62";"1";"Theory of Mind, psychotic-like experiences and psychometric schizotypy in adolescents from the general population";"UE";"CD";"Correlation"
"403";"119";"5";"0.13";"1";"Theory of Mind, psychotic-like experiences and psychometric schizotypy in adolescents from the general population";"UE";"IA";"Correlation"
"404";"119";"5";"0.51";"1";"Theory of Mind, psychotic-like experiences and psychometric schizotypy in adolescents from the general population";"UE";"IN";"Correlation"
"405";"119";"5";"0.8";"1";"Theory of Mind, psychotic-like experiences and psychometric schizotypy in adolescents from the general population";"UE";"CAPE Positive";"Correlation"
"406";"119";"5";"0.54";"1";"Theory of Mind, psychotic-like experiences and psychometric schizotypy in adolescents from the general population";"UE";"CAPE Negative";"Correlation"
"407";"119";"5";"0.3";"1";"Theory of Mind, psychotic-like experiences and psychometric schizotypy in adolescents from the general population";"CD";"IA";"Correlation"
"408";"119";"5";"0.39";"1";"Theory of Mind, psychotic-like experiences and psychometric schizotypy in adolescents from the general population";"CD";"IN";"Correlation"
"409";"119";"5";"0.64";"1";"Theory of Mind, psychotic-like experiences and psychometric schizotypy in adolescents from the general population";"CD";"CAPE Positive";"Correlation"
"410";"119";"5";"0.67";"1";"Theory of Mind, psychotic-like experiences and psychometric schizotypy in adolescents from the general population";"CD";"CAPE Negative";"Correlation"
"411";"119";"5";"0.2";"1";"Theory of Mind, psychotic-like experiences and psychometric schizotypy in adolescents from the general population";"IA";"IN";"Correlation"
"412";"119";"5";"0.11";"1";"Theory of Mind, psychotic-like experiences and psychometric schizotypy in adolescents from the general population";"IA";"CAPE Positive";"Correlation"
"413";"119";"5";"0.48";"1";"Theory of Mind, psychotic-like experiences and psychometric schizotypy in adolescents from the general population";"IA";"CAPE Negative";"Correlation"
"414";"119";"5";"0.39";"1";"Theory of Mind, psychotic-like experiences and psychometric schizotypy in adolescents from the general population";"IN";"CAPE Positive";"Correlation"
"415";"119";"5";"0.41";"1";"Theory of Mind, psychotic-like experiences and psychometric schizotypy in adolescents from the general population";"IN";"CAPE Negative";"Correlation"
"416";"119";"5";"0.61";"1";"Theory of Mind, psychotic-like experiences and psychometric schizotypy in adolescents from the general population";"CAPE Positive";"CAPE Negative";"Correlation"
"417";"120";"6";"9.98";"1";"Predicting Social Functioning in Schizotypy: An Investigation of the Relative Contributions of Theory of Mind and Mood";"UE";"UE";"Mean"
"418";"120";"7";"6.3";"1";"Predicting Social Functioning in Schizotypy: An Investigation of the Relative Contributions of Theory of Mind and Mood";"UE";"UE";"Standard Deviation"
"419";"120";"6";"3.38";"1";"Predicting Social Functioning in Schizotypy: An Investigation of the Relative Contributions of Theory of Mind and Mood";"IA";"IA";"Mean"
"420";"120";"7";"2.62";"1";"Predicting Social Functioning in Schizotypy: An Investigation of the Relative Contributions of Theory of Mind and Mood";"IA";"IA";"Standard Deviation"
"421";"120";"6";"10.66";"1";"Predicting Social Functioning in Schizotypy: An Investigation of the Relative Contributions of Theory of Mind and Mood";"CD";"CD";"Mean"
"422";"120";"7";"6.75";"1";"Predicting Social Functioning in Schizotypy: An Investigation of the Relative Contributions of Theory of Mind and Mood";"CD";"CD";"Standard Deviation"
"423";"120";"6";"8.54";"1";"Predicting Social Functioning in Schizotypy: An Investigation of the Relative Contributions of Theory of Mind and Mood";"IN";"IN";"Mean"
"424";"120";"7";"3.91";"1";"Predicting Social Functioning in Schizotypy: An Investigation of the Relative Contributions of Theory of Mind and Mood";"IN";"IN";"Standard Deviation"
"425";"120";"6";"32.56";"1";"Predicting Social Functioning in Schizotypy: An Investigation of the Relative Contributions of Theory of Mind and Mood";"O-LIFE Total";"O-LIFE Total";"Mean"
"426";"120";"7";"15.37";"1";"Predicting Social Functioning in Schizotypy: An Investigation of the Relative Contributions of Theory of Mind and Mood";"O-LIFE Total";"O-LIFE Total";"Standard Deviation"
"427";"120";"6";"46.24";"1";"Predicting Social Functioning in Schizotypy: An Investigation of the Relative Contributions of Theory of Mind and Mood";"QOL";"QOL";"Mean"
"428";"120";"7";"22.35";"1";"Predicting Social Functioning in Schizotypy: An Investigation of the Relative Contributions of Theory of Mind and Mood";"QOL";"QOL";"Standard Deviation"
"429";"120";"6";"46.24";"1";"Predicting Social Functioning in Schizotypy: An Investigation of the Relative Contributions of Theory of Mind and Mood";"QOL";"QOL";"Mean"
"430";"120";"7";"22.35";"1";"Predicting Social Functioning in Schizotypy: An Investigation of the Relative Contributions of Theory of Mind and Mood";"QOL";"QOL";"Standard Deviation"
"431";"120";"5";"22.35";"1";"Predicting Social Functioning in Schizotypy: An Investigation of the Relative Contributions of Theory of Mind and Mood";;;"Correlation"
"432";"120";"5";"22.35";"1";"Predicting Social Functioning in Schizotypy: An Investigation of the Relative Contributions of Theory of Mind and Mood";"UE";"IA";"Correlation"
"433";"120";"5";"22.35";"1";"Predicting Social Functioning in Schizotypy: An Investigation of the Relative Contributions of Theory of Mind and Mood";"UE";"CD";"Correlation"
"434";"120";"5";"22.35";"1";"Predicting Social Functioning in Schizotypy: An Investigation of the Relative Contributions of Theory of Mind and Mood";"UE";"IN";"Correlation"
"435";"120";"5";"22.35";"1";"Predicting Social Functioning in Schizotypy: An Investigation of the Relative Contributions of Theory of Mind and Mood";"UE";"O-LIFE Total";"Correlation"
"436";"120";"5";"22.35";"1";"Predicting Social Functioning in Schizotypy: An Investigation of the Relative Contributions of Theory of Mind and Mood";"UE";"QOL";"Correlation"
"437";"120";"5";"22.35";"1";"Predicting Social Functioning in Schizotypy: An Investigation of the Relative Contributions of Theory of Mind and Mood";"IA";"CD";"Correlation"
"438";"120";"5";"22.35";"1";"Predicting Social Functioning in Schizotypy: An Investigation of the Relative Contributions of Theory of Mind and Mood";"IA";"IN";"Correlation"
"439";"120";"5";"22.35";"1";"Predicting Social Functioning in Schizotypy: An Investigation of the Relative Contributions of Theory of Mind and Mood";"IA";"O-LIFE Total";"Correlation"
"440";"120";"5";"22.35";"1";"Predicting Social Functioning in Schizotypy: An Investigation of the Relative Contributions of Theory of Mind and Mood";"IA";;"Correlation"
"441";"120";"5";"22.35";"1";"Predicting Social Functioning in Schizotypy: An Investigation of the Relative Contributions of Theory of Mind and Mood";"IA";"QOL";"Correlation"
"442";"120";"5";"22.35";"1";"Predicting Social Functioning in Schizotypy: An Investigation of the Relative Contributions of Theory of Mind and Mood";"CD";"IN";"Correlation"
"443";"120";"5";"22.35";"1";"Predicting Social Functioning in Schizotypy: An Investigation of the Relative Contributions of Theory of Mind and Mood";"CD";"O-LIFE Total";"Correlation"
"444";"120";"5";"22.35";"1";"Predicting Social Functioning in Schizotypy: An Investigation of the Relative Contributions of Theory of Mind and Mood";"CD";"QOL";"Correlation"
"445";"120";"5";"22.35";"1";"Predicting Social Functioning in Schizotypy: An Investigation of the Relative Contributions of Theory of Mind and Mood";"IN";"O-LIFE Total";"Correlation"
"446";"120";"5";"22.35";"1";"Predicting Social Functioning in Schizotypy: An Investigation of the Relative Contributions of Theory of Mind and Mood";"IN";;"Correlation"
"447";"120";"5";"22.35";"1";"Predicting Social Functioning in Schizotypy: An Investigation of the Relative Contributions of Theory of Mind and Mood";"IN";"QOL";"Correlation"
"448";"120";"5";"22.35";"1";"Predicting Social Functioning in Schizotypy: An Investigation of the Relative Contributions of Theory of Mind and Mood";"O-";;"Correlation"
"449";"120";"5";"0.1";"1";"Predicting Social Functioning in Schizotypy: An Investigation of the Relative Contributions of Theory of Mind and Mood";"UE";"IA";"Correlation"
"450";"120";"5";"22.35";"1";"Predicting Social Functioning in Schizotypy: An Investigation of the Relative Contributions of Theory of Mind and Mood";"O-LIFE Total";"QOL";"Correlation"
"451";"120";"5";"0.59";"1";"Predicting Social Functioning in Schizotypy: An Investigation of the Relative Contributions of Theory of Mind and Mood";"UE";"CD";"Correlation"
"452";"120";"5";"0.62";"1";"Predicting Social Functioning in Schizotypy: An Investigation of the Relative Contributions of Theory of Mind and Mood";"UE";"IN";"Correlation"
"453";"120";"5";"22.3";"1";"Predicting Social Functioning in Schizotypy: An Investigation of the Relative Contributions of Theory of Mind and Mood";"UE";"O-LIFE Total";"Correlation"
"454";"120";"5";"0.85";"1";"Predicting Social Functioning in Schizotypy: An Investigation of the Relative Contributions of Theory of Mind and Mood";"UE";"O-LIFE Total";"Correlation"
"455";"120";"5";"-0.45";"1";"Predicting Social Functioning in Schizotypy: An Investigation of the Relative Contributions of Theory of Mind and Mood";"UE";"QOL";"Correlation"
"456";"120";"5";"0.38";"1";"Predicting Social Functioning in Schizotypy: An Investigation of the Relative Contributions of Theory of Mind and Mood";"IA";"CD";"Correlation"
"457";"120";"5";"0.2";"1";"Predicting Social Functioning in Schizotypy: An Investigation of the Relative Contributions of Theory of Mind and Mood";"IA";"IN";"Correlation"
"458";"120";"5";"0.24";"1";"Predicting Social Functioning in Schizotypy: An Investigation of the Relative Contributions of Theory of Mind and Mood";"IA";"IN";"Correlation"
"459";"120";"5";"0.44";"1";"Predicting Social Functioning in Schizotypy: An Investigation of the Relative Contributions of Theory of Mind and Mood";"IA";"O-LIFE Total";"Correlation"
"460";"120";"5";"-0.21";"1";"Predicting Social Functioning in Schizotypy: An Investigation of the Relative Contributions of Theory of Mind and Mood";"IA";"QOL";"Correlation"
"461";"120";"5";"0.5";"1";"Predicting Social Functioning in Schizotypy: An Investigation of the Relative Contributions of Theory of Mind and Mood";"CD";"IN";"Correlation"
"462";"120";"5";"0.87";"1";"Predicting Social Functioning in Schizotypy: An Investigation of the Relative Contributions of Theory of Mind and Mood";"CD";"O-LIFE Total";"Correlation"
"463";"120";"5";"-0.41";"1";"Predicting Social Functioning in Schizotypy: An Investigation of the Relative Contributions of Theory of Mind and Mood";"CD";"QOL";"Correlation"
"464";"120";"5";"0.77";"1";"Predicting Social Functioning in Schizotypy: An Investigation of the Relative Contributions of Theory of Mind and Mood";"IN";"O-LIFE Total";"Correlation"
"465";"120";"5";"-0.4";"1";"Predicting Social Functioning in Schizotypy: An Investigation of the Relative Contributions of Theory of Mind and Mood";"IN";"QOL";"Correlation"
"466";"120";"5";"-0.45";"1";"Predicting Social Functioning in Schizotypy: An Investigation of the Relative Contributions of Theory of Mind and Mood";"IN";"QOL";"Correlation"
"467";"120";"5";"-0.52";"1";"Predicting Social Functioning in Schizotypy: An Investigation of the Relative Contributions of Theory of Mind and Mood";"O-LIFE Total";"QOL";"Correlation"
"468";"121";"6";"5.45";"1";"Multidimensional Factor Structure of Positive Schizotypy";"Chap Mag Idea";"Chap Mag Idea";"Mean"
"469";"121";"7";"4.63";"1";"Multidimensional Factor Structure of Positive Schizotypy";"Chap Mag Idea";"Chap Mag Idea";"Standard Deviation"
"470";"121";"6";"3.37";"1";"Multidimensional Factor Structure of Positive Schizotypy";"Chap Percep";"Chap Percep";"Mean"
"471";"121";"7";"4.07";"1";"Multidimensional Factor Structure of Positive Schizotypy";"Chap Percep";"Chap Percep";"Standard Deviation"
"472";"121";"6";"6.83";"1";"Multidimensional Factor Structure of Positive Schizotypy";"Chap Soc Anhed";"Chap Soc Anhed";"Mean"
"473";"121";"7";"5.6";"1";"Multidimensional Factor Structure of Positive Schizotypy";"Chap Soc Anhed";"Chap Soc Anhed";"Standard Deviation"
"474";"121";"5";"0.67";"1";"Multidimensional Factor Structure of Positive Schizotypy";"Chap Mag Idea";"Chap Percep";"Correlation"
"475";"121";"5";"0.29";"1";"Multidimensional Factor Structure of Positive Schizotypy";"Chap Mag Idea";"Chap Soc Anhed";"Correlation"
"476";"121";"5";"0.37";"1";"Multidimensional Factor Structure of Positive Schizotypy";"Chap Percep";"Chap Soc Anhed";"Correlation"
"477";"122";"5";"0.67";"1";"Anxiety and depression symptoms in psychometrically identified schizotypy";"Chap Percep";"Chap Mag Idea";"Correlation"
"478";"122";"5";"-0.01";"1";"Anxiety and depression symptoms in psychometrically identified schizotypy";"Chap Percep";"Chap Phys Anhed";"Correlation"
"479";"122";"5";"0.36";"1";"Anxiety and depression symptoms in psychometrically identified schizotypy";"Chap Percep";"Chap Soc Anhed";"Correlation"
"480";"122";"5";"-0.12";"1";"Anxiety and depression symptoms in psychometrically identified schizotypy";"Chap Mag Idea";"Chap Phys Anhed";"Correlation"
"481";"122";"5";"0.25";"1";"Anxiety and depression symptoms in psychometrically identified schizotypy";"Chap Mag Idea";"Chap Soc Anhed";"Correlation"
"482";"122";"5";"0.38";"1";"Anxiety and depression symptoms in psychometrically identified schizotypy";"Chap Phys Anhed";"Chap Soc Anhed";"Correlation"
"483";"123";"6";"11.1";"1";"The relationship between measures of creativity and schizotypy";"UE";"UE";"Mean"
"484";"123";"7";"7.07";"1";"The relationship between measures of creativity and schizotypy";"UE";"UE";"Standard Deviation"
"485";"123";"6";"4.79";"1";"The relationship between measures of creativity and schizotypy";"IA";"IA";"Mean"
"486";"123";"7";"3.69";"1";"The relationship between measures of creativity and schizotypy";"IA";"IA";"Standard Deviation"
"487";"123";"6";"13.16";"1";"The relationship between measures of creativity and schizotypy";"CD";"CD";"Mean"
"488";"123";"7";"5.64";"1";"The relationship between measures of creativity and schizotypy";"CD";"CD";"Standard Deviation"
"489";"123";"6";"9.49";"1";"The relationship between measures of creativity and schizotypy";"IN";"IN";"Mean"
"490";"123";"7";"3.81";"1";"The relationship between measures of creativity and schizotypy";"IN";"IN";"Standard Deviation"
"491";"123";"5";"-0.11";"1";"The relationship between measures of creativity and schizotypy";"UE";"IA";"Correlation"
"492";"123";"5";"0.4";"1";"The relationship between measures of creativity and schizotypy";"UE";"CD";"Correlation"
"493";"123";"5";"0.5";"1";"The relationship between measures of creativity and schizotypy";"UE";"IN";"Correlation"
"494";"123";"5";"0.27";"1";"The relationship between measures of creativity and schizotypy";"IA";"CD";"Correlation"
"495";"123";"5";"-0.13";"1";"The relationship between measures of creativity and schizotypy";"IA";"IN";"Correlation"
"496";"123";"5";"0.27";"1";"The relationship between measures of creativity and schizotypy";"CD";"IN";"Correlation"
"497";"124";"6";"9.54";"1";"Correlating a measure of sustained attention with a multi-dimensional measure of schizotypal traits";"UE";"UE";"Mean"
"498";"124";"7";"6.83";"1";"Correlating a measure of sustained attention with a multi-dimensional measure of schizotypal traits";"UE";"UE";"Standard Deviation"
"499";"124";"6";"9.69";"1";"Correlating a measure of sustained attention with a multi-dimensional measure of schizotypal traits";"CD";"CD";"Mean"
"500";"124";"7";"5.38";"1";"Correlating a measure of sustained attention with a multi-dimensional measure of schizotypal traits";"CD";"CD";"Standard Deviation"
"501";"124";"6";"4.24";"1";"Correlating a measure of sustained attention with a multi-dimensional measure of schizotypal traits";"IA";"IA";"Mean"
"502";"124";"7";"3.83";"1";"Correlating a measure of sustained attention with a multi-dimensional measure of schizotypal traits";"IA";"IA";"Standard Deviation"
"503";"124";"6";"8.97";"1";"Correlating a measure of sustained attention with a multi-dimensional measure of schizotypal traits";"IN";"IN";"Mean"
"504";"124";"7";"3.65";"1";"Correlating a measure of sustained attention with a multi-dimensional measure of schizotypal traits";"IN";"IN";"Standard Deviation"
"505";"124";"5";"0.27";"1";"Correlating a measure of sustained attention with a multi-dimensional measure of schizotypal traits";"UE";"CD";"Correlation"
"506";"124";"5";"0.04";"1";"Correlating a measure of sustained attention with a multi-dimensional measure of schizotypal traits";"UE";"IA";"Correlation"
"507";"124";"5";"0.44";"1";"Correlating a measure of sustained attention with a multi-dimensional measure of schizotypal traits";"UE";"IN";"Correlation"
"508";"124";"5";"0.45";"1";"Correlating a measure of sustained attention with a multi-dimensional measure of schizotypal traits";"CD";"IA";"Correlation"
"509";"124";"5";"0.19";"1";"Correlating a measure of sustained attention with a multi-dimensional measure of schizotypal traits";"CD";"IN";"Correlation"
"510";"124";"5";"0.04";"1";"Correlating a measure of sustained attention with a multi-dimensional measure of schizotypal traits";"IA";"IN";"Correlation"
